IP,REG,fi,seg,result_class,FUC,INS,INS_FULL,Masked,Crash,Sdc,Dynamic Execution,Masked%,Crash%,Sdc%,Masked%+Sdc%
42bea3,rcx,1352511,16,masked,<HPL_lmul>,mov,"mov, %esi,%edi",1,0,0,0.0,34.65346534653465,6.930693069306931,58.415841584158414,93.06930693069307
42be58,rdi,2089841,305,sdc,<HPL_lmul>,shr,"shr, $0x10,%ecx",0,0,1,0.15235,34.31372549019608,6.862745098039215,58.8235294117647,93.13725490196079
42be8f,r8,3126307,412,sdc,<HPL_lmul>,mov,"mov, %ebx,%edi",0,0,1,0.36651,33.980582524271846,7.766990291262136,58.25242718446602,92.23300970873787
42becd,rdi,5439949,13,masked,<HPL_lmul>,mov,"mov, -0x38(%rsp,%rcx,4),%ebx",1,0,0,0.844565,33.65384615384615,7.6923076923076925,58.65384615384615,92.3076923076923
420b54,rbx,6705369,69,masked,<HPL_setran>,mov,"mov, 0xa33ddd(%rip),%r9d",1,0,0,1.106032,34.285714285714285,7.619047619047619,58.095238095238095,92.38095238095238
420a98,r8,10390280,381,masked,<HPL_rand>,movzwl,"movzwl, %dx,%ecx",1,0,0,1.867424,33.9622641509434,7.547169811320755,58.490566037735846,92.45283018867924
42be10,rflags,10506362,124,sdc,<HPL_ladd>,shl,"shl, $0x10,%ecx",0,0,1,1.89141,34.57943925233645,7.4766355140186915,57.94392523364486,92.5233644859813
42be8c,rsi,10702333,7,masked,<HPL_lmul>,mov,"mov, -0x4(%rax),%ebx",1,0,0,1.931902,34.25925925925926,7.407407407407407,58.333333333333336,92.5925925925926
420ab4,r8,10865388,375,masked,<HPL_rand>,mulsd,"mulsd, %xmm4,%xmm0",1,0,0,1.965593,33.944954128440365,7.339449541284404,58.71559633027523,92.66055045871559
42be09,rax,11101848,437,sdc,<HPL_ladd>,sub,"sub, %r9d,%r8d",0,0,1,2.014452,33.63636363636363,7.2727272727272725,59.09090909090909,92.72727272727273
42beb8,rdi,12711542,129,sdc,<HPL_lmul>,imul,"imul, %r11d,%ebx",0,0,1,2.347054,34.234234234234236,7.207207207207207,58.55855855855856,92.7927927927928
42bde6,rsi,13797534,468,sdc,<HPL_ladd>,add,"add, %edi,%r8d",0,0,1,2.571447,34.82142857142857,7.142857142857143,58.035714285714285,92.85714285714286
42be91,rflags,14101121,4,sdc,<HPL_lmul>,movzwl,"movzwl, %bx,%esi",0,0,1,2.634175,34.51327433628319,7.964601769911504,57.52212389380531,92.03539823008849
42bddf,rdi,15595828,51,sdc,<HPL_ladd>,movzwl,"movzwl, %r10w,%edi",0,0,1,2.943018,34.21052631578947,7.894736842105263,57.89473684210526,92.10526315789474
420a9b,rcx,15711585,169,sdc,<HPL_rand>,shr,"shr, $0x10,%edx",0,0,1,2.966936,33.91304347826087,7.826086956521739,58.26086956521739,92.17391304347827
42be6d,rbx,18210057,272,sdc,<HPL_lmul>,movzwl,"movzwl, %r11w,%r9d",0,0,1,3.483182,33.62068965517241,7.758620689655173,58.62068965517241,92.24137931034483
42bea3,rdi,19902366,263,sdc,<HPL_lmul>,mov,"mov, %esi,%edi",0,0,1,3.832854,33.333333333333336,7.6923076923076925,58.97435897435897,92.3076923076923
42be24,rax,20253520,30,sdc,<HPL_ladd>,add,"add, %r11d,%r8d",0,0,1,3.905411,33.05084745762712,7.627118644067797,59.32203389830509,92.37288135593221
42bead,xmm1,20722887,284,sdc,<HPL_lmul>,test,"test, %ecx,%ecx",0,0,1,4.002394,32.773109243697476,7.563025210084033,59.66386554621849,92.43697478991596
42be09,rbx,20769784,42,masked,<HPL_ladd>,sub,"sub, %r9d,%r8d",1,0,0,4.012084,32.5,7.5,60.0,92.5
42be63,rdi,22555717,463,sdc,<HPL_lmul>,movzwl,"movzwl, %bx,%esi",0,0,1,4.381102,33.05785123966942,7.43801652892562,59.50413223140496,92.56198347107438
42bead,rdi,23903969,239,masked,<HPL_lmul>,test,"test, %ecx,%ecx",1,0,0,4.659684,32.78688524590164,7.377049180327869,59.83606557377049,92.62295081967213
42bf00,rcx,24173459,214,sdc,<HPL_lmul>,cmp,"cmp, $0x4,%rcx",0,0,1,4.715367,32.520325203252035,7.317073170731708,60.16260162601626,92.6829268292683
420acc,rsi,25980440,446,masked,<HPL_rand>,mulsd,"mulsd, %xmm3,%xmm1",1,0,0,5.088733,33.064516129032256,7.258064516129032,59.67741935483871,92.74193548387096
420ad4,xmm1,26802318,60,sdc,<HPL_rand>,addsd,"addsd, %xmm2,%xmm1",0,0,1,5.258553,32.8,7.2,60.0,92.8
420b5b,rflags,26947754,111,crash,<HPL_setran>,mov,"mov, $0xe54938,%edi",0,1,0,5.288604,32.53968253968254,7.142857142857143,60.317460317460316,92.85714285714286
42becd,rsi,26994070,158,masked,<HPL_lmul>,mov,"mov, -0x38(%rsp,%rcx,4),%ebx",1,0,0,5.298174,32.28346456692913,7.086614173228346,60.62992125984252,92.91338582677166
42bec3,rax,27699443,425,masked,<HPL_lmul>,shr,"shr, $0x10,%ebx",1,0,0,5.443921,32.8125,7.03125,60.15625,92.96875
42be4a,rdi,31383707,168,sdc,<HPL_lmul>,mov,"mov, (%rdi),%r11d",0,0,1,6.205181,32.55813953488372,7.751937984496124,59.689922480620154,92.24806201550388
42be71,rsi,31474384,440,sdc,<HPL_lmul>,imul,"imul, %eax,%r8d",0,0,1,6.223917,32.30769230769231,7.6923076923076925,60.0,92.3076923076923
42bef8,rsi,38125188,57,crash,<HPL_lmul>,add,"add, $0x1,%rcx",0,1,0,7.598136,32.06106870229008,7.633587786259542,60.30534351145038,92.36641221374046
42bef3,rsi,38295462,78,masked,<HPL_lmul>,shr,"shr, $0x10,%edi",1,0,0,7.633319,32.57575757575758,7.575757575757576,59.84848484848485,92.42424242424242
42bef3,rbx,38497004,476,masked,<HPL_lmul>,shr,"shr, $0x10,%edi",1,0,0,7.674962,32.330827067669176,7.518796992481203,60.150375939849624,92.4812030075188
42becd,rcx,39281753,123,sdc,<HPL_lmul>,mov,"mov, -0x38(%rsp,%rcx,4),%ebx",0,0,1,7.83711,32.08955223880597,7.462686567164179,60.44776119402985,92.53731343283582
420ad0,xmm0,40759991,103,masked,<HPL_rand>,mulsd,"mulsd, %xmm0,%xmm1",1,0,0,8.142551,31.85185185185185,7.407407407407407,60.74074074074074,92.5925925925926
42be5b,rsi,42083592,326,sdc,<HPL_lmul>,movzwl,"movzwl, %r8w,%r10d",0,0,1,8.416039,31.61764705882353,7.352941176470588,61.029411764705884,92.6470588235294
420b5b,rsi,43634711,219,sdc,<HPL_setran>,mov,"mov, $0xe54938,%edi",0,0,1,8.736538,31.386861313868614,7.299270072992701,61.31386861313869,92.7007299270073
42bed4,r10,45052177,293,masked,<HPL_lmul>,imul,"imul, %r10d,%ebx",1,0,0,9.029421,31.884057971014492,7.246376811594203,60.869565217391305,92.7536231884058
42be6a,rcx,45564467,358,masked,<HPL_lmul>,shr,"shr, $0x10,%ebx",1,0,0,9.135273,31.654676258992804,7.194244604316546,61.15107913669065,92.80575539568345
42be9d,None,46136675,309,sdc,<HPL_lmul>,imul,"imul, %r9d,%ebx",0,0,1,9.253505,31.428571428571427,7.142857142857143,61.42857142857143,92.85714285714286
42bdd0,rflags,46777302,430,sdc,<HPL_setran>,callq,"callq, 42bdd0, <HPL_ladd>",0,0,1,9.385874,31.914893617021278,7.092198581560283,60.99290780141844,92.90780141843972
42be63,xmm1,46968232,498,sdc,<HPL_lmul>,movzwl,"movzwl, %bx,%esi",0,0,1,9.425325,31.690140845070424,7.042253521126761,61.267605633802816,92.95774647887323
42be16,r8,47559394,442,sdc,<HPL_ladd>,movzwl,"movzwl, %si,%r8d",0,0,1,9.547474,31.46853146853147,6.993006993006993,61.53846153846154,93.00699300699301
42bf27,rflags,48058162,424,sdc,<HPL_lmul>,or,"or, %r10d,%r8d",0,0,1,9.650531,31.25,7.638888888888889,61.111111111111114,92.36111111111111
42bed4,rsi,48628580,253,masked,<HPL_lmul>,imul,"imul, %r10d,%ebx",1,0,0,9.768394,31.03448275862069,7.586206896551724,61.37931034482759,92.41379310344827
42be98,rax,49654851,292,sdc,<HPL_lmul>,shr,"shr, $0x10,%edi",0,0,1,9.980447,30.82191780821918,7.534246575342466,61.64383561643836,92.46575342465754
42becd,rdi,50212690,456,sdc,<HPL_lmul>,mov,"mov, -0x38(%rsp,%rcx,4),%ebx",0,0,1,10.09571,30.612244897959183,7.482993197278912,61.904761904761905,92.51700680272108
42bdf8,rbx,50331577,252,sdc,<HPL_ladd>,shr,"shr, $0x10,%r9d",0,0,1,10.120275,31.08108108108108,7.4324324324324325,61.486486486486484,92.56756756756756
42befc,r8,51566143,188,crash,<HPL_lmul>,add,"add, $0x4,%rax",0,1,0,10.375366,31.543624161073826,7.382550335570469,61.07382550335571,92.61744966442953
42be9d,rsi,53269338,38,sdc,<HPL_lmul>,imul,"imul, %r9d,%ebx",0,0,1,10.727288,31.333333333333332,7.333333333333333,61.333333333333336,92.66666666666667
42be8a,r8,56841787,35,crash,<HPL_lmul>,xor,"xor, %ecx,%ecx",0,1,0,11.465444,31.125827814569536,7.28476821192053,61.58940397350993,92.71523178807946
42be5f,r10,56896915,61,sdc,<HPL_lmul>,shr,"shr, $0x10,%r8d",0,0,1,11.476834,31.57894736842105,7.2368421052631575,61.18421052631579,92.76315789473684
420abc,rflags,58563158,362,masked,<HPL_rand>,addsd,"addsd, %xmm0,%xmm1",1,0,0,11.821121,32.02614379084967,7.189542483660131,60.78431372549019,92.81045751633987
42bed1,rbx,59333116,432,sdc,<HPL_lmul>,movzwl,"movzwl, %si,%esi",0,0,1,11.980213,32.467532467532465,7.142857142857143,60.38961038961039,92.85714285714286
42be27,r8,59863608,246,masked,<HPL_ladd>,mov,"mov, %r8d,%esi",1,0,0,12.089826,32.25806451612903,7.096774193548387,60.645161290322584,92.90322580645162
42bee7,rcx,62035811,37,sdc,<HPL_lmul>,movzwl,"movzwl, -0x14(%rsp),%edi",0,0,1,12.538656,32.05128205128205,7.051282051282051,60.8974358974359,92.94871794871794
42bead,rflags,62188789,194,sdc,<HPL_lmul>,test,"test, %ecx,%ecx",0,0,1,12.570265,31.84713375796178,7.006369426751593,61.146496815286625,92.99363057324841
42bead,rflags,62712438,218,sdc,<HPL_lmul>,test,"test, %ecx,%ecx",0,0,1,12.678464,32.278481012658226,6.962025316455696,60.75949367088607,93.0379746835443
42be40,r9,62983193,247,crash,<HPL_lmul>,push,"push, %rbx",0,1,0,12.734408,32.075471698113205,6.918238993710692,61.0062893081761,93.08176100628931
420ac0,rdi,63173450,399,sdc,<HPL_rand>,movsd,"movsd, 0x7d1a20(%rip),%xmm0",0,0,1,12.77372,32.5,6.875,60.625,93.125
42be8f,rax,63802369,269,masked,<HPL_lmul>,mov,"mov, %ebx,%edi",1,0,0,12.90367,32.298136645962735,6.832298136645963,60.869565217391305,93.16770186335404
42bec3,rbx,63876958,470,sdc,<HPL_lmul>,shr,"shr, $0x10,%ebx",0,0,1,12.919082,32.71604938271605,6.790123456790123,60.49382716049383,93.20987654320987
42bef8,r11,64494996,396,sdc,<HPL_lmul>,add,"add, $0x1,%rcx",0,0,1,13.046784,32.515337423312886,6.748466257668712,60.736196319018404,93.25153374233129
42be8a,rsi,65967428,235,sdc,<HPL_lmul>,xor,"xor, %ecx,%ecx",0,0,1,13.351024,32.31707317073171,7.317073170731708,60.36585365853659,92.6829268292683
420ad0,r9,66169907,62,masked,<HPL_rand>,mulsd,"mulsd, %xmm0,%xmm1",1,0,0,13.392862,32.121212121212125,7.2727272727272725,60.60606060606061,92.72727272727273
420ae0,rcx,66622300,353,sdc,<HPL_rand>,mulsd,"mulsd, %xmm0,%xmm1",0,0,1,13.486337,32.53012048192771,7.228915662650603,60.24096385542169,92.7710843373494
42be8f,rdi,70731698,461,masked,<HPL_lmul>,mov,"mov, %ebx,%edi",1,0,0,14.335439,32.33532934131737,7.18562874251497,60.47904191616767,92.81437125748504
42bead,r9,71923902,445,sdc,<HPL_lmul>,test,"test, %ecx,%ecx",0,0,1,14.581778,32.142857142857146,7.142857142857143,60.714285714285715,92.85714285714286
42be7e,rflags,72021484,177,masked,<HPL_lmul>,shr,"shr, $0x10,%r11d",1,0,0,14.601941,31.952662721893493,7.100591715976331,60.946745562130175,92.89940828402366
42bedd,rsi,72897816,17,masked,<HPL_lmul>,shr,"shr, $0x10,%esi",1,0,0,14.783012,31.764705882352942,7.0588235294117645,61.1764705882353,92.94117647058823
42bf00,rdi,76676145,137,crash,<HPL_lmul>,cmp,"cmp, $0x4,%rcx",0,1,0,15.563708,31.57894736842105,7.017543859649122,61.40350877192982,92.98245614035088
42be71,None,76905150,206,sdc,<HPL_lmul>,imul,"imul, %eax,%r8d",0,0,1,15.611026,31.976744186046513,6.976744186046512,61.04651162790697,93.02325581395348
42bea8,rbx,76950469,71,masked,<HPL_lmul>,shr,"shr, $0x10,%edi",1,0,0,15.62039,31.791907514450866,6.936416184971098,61.27167630057804,93.0635838150289
42bed1,rdi,77482856,59,masked,<HPL_lmul>,movzwl,"movzwl, %si,%esi",1,0,0,15.730394,31.60919540229885,6.896551724137931,61.49425287356322,93.10344827586206
42bf24,rbx,77665776,355,sdc,<HPL_lmul>,or,"or, %r9d,%r11d",0,0,1,15.76819,31.428571428571427,6.857142857142857,61.714285714285715,93.14285714285714
42bf00,rsi,77670172,312,sdc,<HPL_lmul>,cmp,"cmp, $0x4,%rcx",0,0,1,15.769098,31.818181818181817,6.818181818181818,61.36363636363637,93.18181818181819
420a9e,xmm0,77862310,173,masked,<HPL_rand>,cvtsi2sd,"cvtsi2sd, %edx,%xmm0",1,0,0,15.808798,32.20338983050848,6.779661016949152,61.016949152542374,93.22033898305085
42bed4,r8,78060094,378,masked,<HPL_lmul>,imul,"imul, %r10d,%ebx",1,0,0,15.849665,32.02247191011236,6.741573033707865,61.235955056179776,93.25842696629213
42be2e,rsi,78103058,258,masked,<HPL_ladd>,shr,"shr, $0x10,%esi",1,0,0,15.858543,32.402234636871505,6.70391061452514,60.89385474860335,93.29608938547486
42be27,xmm1,78559134,354,sdc,<HPL_ladd>,mov,"mov, %r8d,%esi",0,0,1,15.952779,32.22222222222222,6.666666666666667,61.111111111111114,93.33333333333333
420a90,rcx,81062432,427,sdc,<HPL_rand>,movsd,"movsd, 0x7d1a48(%rip),%xmm3",0,0,1,16.470022,32.04419889502763,7.18232044198895,60.773480662983424,92.81767955801105
42bead,rdx,82564497,155,masked,<HPL_lmul>,test,"test, %ecx,%ecx",1,0,0,16.780385,31.86813186813187,7.142857142857143,60.989010989010985,92.85714285714286
42bddb,rsp,83596749,275,sdc,<HPL_ladd>,movzwl,"movzwl, %cx,%r8d",0,0,1,16.993674,31.693989071038253,7.103825136612022,61.202185792349724,92.89617486338798
420a8c,rsp,83918504,294,masked,<HPL_rand>,mov,"mov, 0x4(%rsp),%eax",1,0,0,17.060156,31.52173913043478,7.065217391304348,61.41304347826087,92.93478260869566
42bed8,rdi,84084647,367,sdc,<HPL_lmul>,add,"add, %ebx,%esi",0,0,1,17.094486,31.35135135135135,7.027027027027027,61.62162162162162,92.97297297297297
42bde3,rcx,85935393,165,sdc,<HPL_ladd>,shr,"shr, $0x10,%ecx",0,0,1,17.476895,31.72043010752688,6.989247311827957,61.29032258064516,93.01075268817205
42be10,rbx,89883039,190,masked,<HPL_ladd>,shl,"shl, $0x10,%ecx",1,0,0,18.292575,31.550802139037433,6.951871657754011,61.49732620320856,93.04812834224599
42bdff,rsi,90094081,15,sdc,<HPL_ladd>,add,"add, %r9d,%r11d",0,0,1,18.336182,31.382978723404257,6.914893617021277,61.702127659574465,93.08510638297872
42be9d,rdi,90227738,341,sdc,<HPL_lmul>,imul,"imul, %r9d,%ebx",0,0,1,18.363799,31.746031746031747,6.878306878306878,61.37566137566137,93.12169312169313
42bddb,xmm3,90413270,376,sdc,<HPL_ladd>,movzwl,"movzwl, %cx,%r8d",0,0,1,18.402134,31.57894736842105,6.842105263157895,61.578947368421055,93.15789473684211
42bea8,rflags,90450441,198,sdc,<HPL_lmul>,shr,"shr, $0x10,%edi",0,0,1,18.409815,31.413612565445025,7.329842931937173,61.2565445026178,92.67015706806282
42bea1,rbx,90619939,157,sdc,<HPL_lmul>,add,"add, %ebx,%esi",0,0,1,18.444837,31.25,7.291666666666667,61.458333333333336,92.70833333333333
42bf20,rdi,92966443,330,sdc,<HPL_lmul>,shl,"shl, $0x10,%r10d",0,0,1,18.929682,31.088082901554404,7.253886010362694,61.6580310880829,92.74611398963731
42bed8,xmm4,93141945,133,masked,<HPL_lmul>,add,"add, %ebx,%esi",1,0,0,18.965945,30.927835051546392,7.216494845360825,61.855670103092784,92.78350515463917
42be91,rax,94924856,435,sdc,<HPL_lmul>,movzwl,"movzwl, %bx,%esi",0,0,1,19.334338,31.28205128205128,7.17948717948718,61.53846153846154,92.82051282051282
42bed4,rcx,94941376,302,sdc,<HPL_lmul>,imul,"imul, %r10d,%ebx",0,0,1,19.337752,31.122448979591837,7.653061224489796,61.224489795918366,92.34693877551021
42bec8,None,95281378,43,sdc,<HPL_lmul>,cmp,"cmp, $0x1,%ecx",0,0,1,19.408005,30.96446700507614,7.614213197969543,61.421319796954315,92.38578680203045
42bef8,r10,95495265,136,crash,<HPL_lmul>,add,"add, $0x1,%rcx",0,1,0,19.452199,30.80808080808081,7.575757575757576,61.61616161616162,92.42424242424242
420ad4,rdi,95514639,451,masked,<HPL_rand>,addsd,"addsd, %xmm2,%xmm1",1,0,0,19.456202,30.65326633165829,7.5376884422110555,61.80904522613066,92.46231155778895
42be06,rflags,95690121,221,masked,<HPL_ladd>,mov,"mov, %r11d,%ecx",1,0,0,19.492461,30.5,7.5,62.0,92.5
42bdd0,rdi,97142801,338,sdc,<HPL_setran>,callq,"callq, 42bdd0, <HPL_ladd>",0,0,1,19.79262,30.34825870646766,7.462686567164179,62.18905472636816,92.53731343283582
420af0,rdi,97919692,91,sdc,<HPL_setran>,cmp,"cmp, $0x3,%edi",0,0,1,19.953145,30.34825870646766,7.462686567164179,62.18905472636816,92.53731343283582
42bef8,r11,97983886,223,crash,<HPL_lmul>,add,"add, $0x1,%rcx",0,1,0,19.966409,30.845771144278608,7.462686567164179,61.691542288557216,92.53731343283582
42bead,xmm4,97991214,197,sdc,<HPL_lmul>,test,"test, %ecx,%ecx",0,0,1,19.967923,30.845771144278608,7.462686567164179,61.691542288557216,92.53731343283582
420aa8,rflags,98397889,175,masked,<HPL_rand>,cvtsi2sd,"cvtsi2sd, %ecx,%xmm1",1,0,0,20.051952,30.34825870646766,7.462686567164179,62.18905472636816,92.53731343283582
42bebc,xmm12,100535446,8,sdc,<HPL_lmul>,add,"add, %ebx,%esi",0,0,1,20.493624,29.850746268656717,7.462686567164179,62.6865671641791,92.53731343283582
42be06,r9,100611844,185,masked,<HPL_ladd>,mov,"mov, %r11d,%ecx",1,0,0,20.509409,29.35323383084577,7.462686567164179,63.18407960199005,92.53731343283582
42bea1,rflags,101189167,286,sdc,<HPL_lmul>,add,"add, %ebx,%esi",0,0,1,20.628698,29.35323383084577,7.462686567164179,63.18407960199005,92.53731343283582
42beb8,rbx,104236905,33,sdc,<HPL_lmul>,imul,"imul, %r11d,%ebx",0,0,1,21.258436,28.855721393034827,7.462686567164179,63.681592039801,92.53731343283582
42be63,rbx,105556155,186,sdc,<HPL_lmul>,movzwl,"movzwl, %bx,%esi",0,0,1,21.531025,28.35820895522388,7.462686567164179,64.17910447761194,92.53731343283582
420ad4,rsi,105793395,266,masked,<HPL_rand>,addsd,"addsd, %xmm2,%xmm1",1,0,0,21.580045,28.35820895522388,7.462686567164179,64.17910447761194,92.53731343283582
42be8c,r11,109075352,364,masked,<HPL_lmul>,mov,"mov, -0x4(%rax),%ebx",1,0,0,22.258177,28.35820895522388,7.462686567164179,64.17910447761194,92.53731343283582
42bef8,rdi,109237632,44,crash,<HPL_lmul>,add,"add, $0x1,%rcx",0,1,0,22.291708,28.35820895522388,7.462686567164179,64.17910447761194,92.53731343283582
42bf1c,xmm3,110001520,382,sdc,<HPL_lmul>,shl,"shl, $0x10,%r9d",0,0,1,22.449546,28.855721393034827,7.462686567164179,63.681592039801,92.53731343283582
42bdd0,rsi,110852334,184,sdc,<HPL_setran>,callq,"callq, 42bdd0, <HPL_ladd>",0,0,1,22.625345,29.35323383084577,7.462686567164179,63.18407960199005,92.53731343283582
42bea1,rbx,111604983,24,sdc,<HPL_lmul>,add,"add, %ebx,%esi",0,0,1,22.780861,29.35323383084577,7.462686567164179,63.18407960199005,92.53731343283582
42be94,rsi,111683242,120,sdc,<HPL_lmul>,mov,"mov, -0x30(%rsp,%rcx,4),%ebx",0,0,1,22.797031,29.850746268656717,7.462686567164179,62.6865671641791,92.53731343283582
42be8c,rflags,113676276,485,sdc,<HPL_lmul>,mov,"mov, -0x4(%rax),%ebx",0,0,1,23.208841,29.850746268656717,7.462686567164179,62.6865671641791,92.53731343283582
42be58,rbx,114854216,277,sdc,<HPL_lmul>,shr,"shr, $0x10,%ecx",0,0,1,23.452232,29.850746268656717,7.960199004975125,62.18905472636816,92.03980099502488
42bf24,r10,115283219,369,sdc,<HPL_lmul>,or,"or, %r9d,%r11d",0,0,1,23.540875,29.850746268656717,7.960199004975125,62.18905472636816,92.03980099502488
420b54,rsi,115444252,267,masked,<HPL_setran>,mov,"mov, 0xa33ddd(%rip),%r9d",1,0,0,23.574148,29.35323383084577,8.457711442786069,62.18905472636816,91.54228855721394
42bf31,rsi,115866280,22,sdc,<HPL_lmul>,pop,"pop, %rbx",0,0,1,23.661349,29.35323383084577,8.955223880597014,61.691542288557216,91.04477611940298
42bead,rsi,115969515,143,sdc,<HPL_lmul>,test,"test, %ecx,%ecx",0,0,1,23.68268,28.855721393034827,9.45273631840796,61.691542288557216,90.54726368159204
420adc,rsi,116117774,351,masked,<HPL_rand>,mulsd,"mulsd, %xmm3,%xmm1",1,0,0,23.713314,28.855721393034827,9.45273631840796,61.691542288557216,90.54726368159204
42be91,xmm2,117365680,418,sdc,<HPL_lmul>,movzwl,"movzwl, %bx,%esi",0,0,1,23.971162,28.35820895522388,9.45273631840796,62.18905472636816,90.54726368159204
420b71,xmm1,117883270,241,sdc,<HPL_setran>,mov,"mov, $0xe54948,%esi",0,0,1,24.078109,28.35820895522388,9.950248756218905,61.691542288557216,90.04975124378109
42bea8,rsi,119989914,66,sdc,<HPL_lmul>,shr,"shr, $0x10,%edi",0,0,1,24.513393,28.35820895522388,9.950248756218905,61.691542288557216,90.04975124378109
420aa8,rdx,120060152,100,masked,<HPL_rand>,cvtsi2sd,"cvtsi2sd, %ecx,%xmm1",1,0,0,24.527906,28.35820895522388,9.950248756218905,61.691542288557216,90.04975124378109
42befc,rsp,120417704,319,crash,<HPL_lmul>,add,"add, $0x4,%rax",0,1,0,24.601785,28.35820895522388,9.950248756218905,61.691542288557216,90.04975124378109
42be2a,xmm1,121358085,405,sdc,<HPL_ladd>,movzwl,"movzwl, %r8w,%edi",0,0,1,24.796091,28.855721393034827,9.950248756218905,61.19402985074627,90.04975124378109
42bee2,rbx,121408297,318,sdc,<HPL_lmul>,cmp,"cmp, $0x3,%ecx",0,0,1,24.806466,28.855721393034827,9.950248756218905,61.19402985074627,90.04975124378109
42be8f,rdi,121824514,438,masked,<HPL_lmul>,mov,"mov, %ebx,%edi",1,0,0,24.892467,29.35323383084577,9.45273631840796,61.19402985074627,90.54726368159204
42be09,rbx,122116852,271,sdc,<HPL_ladd>,sub,"sub, %r9d,%r8d",0,0,1,24.952871,28.855721393034827,9.950248756218905,61.19402985074627,90.04975124378109
420b71,rsi,122252620,314,sdc,<HPL_setran>,mov,"mov, $0xe54948,%esi",0,0,1,24.980924,28.35820895522388,9.950248756218905,61.691542288557216,90.04975124378109
42bf11,rdi,122447866,426,sdc,<HPL_lmul>,movzwl,"movzwl, -0x18(%rsp),%r8d",0,0,1,25.021266,28.855721393034827,9.950248756218905,61.19402985074627,90.04975124378109
42bee2,rsi,123301150,486,sdc,<HPL_lmul>,cmp,"cmp, $0x3,%ecx",0,0,1,25.197576,28.35820895522388,9.950248756218905,61.691542288557216,90.04975124378109
42be6d,rbp,124559617,237,sdc,<HPL_lmul>,movzwl,"movzwl, %r11w,%r9d",0,0,1,25.457606,28.855721393034827,9.950248756218905,61.19402985074627,90.04975124378109
42bea8,r8,124606101,383,masked,<HPL_lmul>,shr,"shr, $0x10,%edi",1,0,0,25.467211,28.855721393034827,9.950248756218905,61.19402985074627,90.04975124378109
42bebc,r8,124820021,317,sdc,<HPL_lmul>,add,"add, %ebx,%esi",0,0,1,25.511412,28.35820895522388,9.950248756218905,61.691542288557216,90.04975124378109
42be5f,rsi,125127915,14,sdc,<HPL_lmul>,shr,"shr, $0x10,%r8d",0,0,1,25.57503,27.860696517412936,9.950248756218905,62.18905472636816,90.04975124378109
420a9b,None,126450483,75,masked,<HPL_rand>,shr,"shr, $0x10,%edx",1,0,0,25.848305,27.860696517412936,9.950248756218905,62.18905472636816,90.04975124378109
42be36,r8,126872771,85,sdc,<HPL_ladd>,or,"or, %edi,%eax",0,0,1,25.93556,27.860696517412936,9.950248756218905,62.18905472636816,90.04975124378109
420b5b,r11,127211033,493,sdc,<HPL_setran>,mov,"mov, $0xe54938,%edi",0,0,1,26.005453,27.860696517412936,9.950248756218905,62.18905472636816,90.04975124378109
42bef8,rsi,127281431,268,crash,<HPL_lmul>,add,"add, $0x1,%rcx",0,1,0,26.019999,27.860696517412936,9.950248756218905,62.18905472636816,90.04975124378109
42be94,r9,127416861,156,sdc,<HPL_lmul>,mov,"mov, -0x30(%rsp,%rcx,4),%ebx",0,0,1,26.047982,27.860696517412936,9.950248756218905,62.18905472636816,90.04975124378109
42bea1,rdi,129262573,360,sdc,<HPL_lmul>,add,"add, %ebx,%esi",0,0,1,26.429352,27.36318407960199,9.950248756218905,62.6865671641791,90.04975124378109
42bee2,rax,131581040,287,sdc,<HPL_lmul>,cmp,"cmp, $0x3,%ecx",0,0,1,26.908404,27.860696517412936,9.950248756218905,62.18905472636816,90.04975124378109
420a84,rbx,132187477,217,masked,<HPL_rand>,movsd,"movsd, 0x7d1a4c(%rip),%xmm4",1,0,0,27.033709,27.860696517412936,9.950248756218905,62.18905472636816,90.04975124378109
42be8c,rsi,132589698,415,masked,<HPL_lmul>,mov,"mov, -0x4(%rax),%ebx",1,0,0,27.116817,27.860696517412936,9.950248756218905,62.18905472636816,90.04975124378109
42be06,rflags,132710329,23,sdc,<HPL_ladd>,mov,"mov, %r11d,%ecx",0,0,1,27.141743,27.860696517412936,9.45273631840796,62.6865671641791,90.54726368159204
420af0,rsi,133159463,107,sdc,<HPL_setran>,cmp,"cmp, $0x3,%edi",0,0,1,27.234545,27.860696517412936,9.45273631840796,62.6865671641791,90.54726368159204
42bead,r9,133321619,407,masked,<HPL_lmul>,test,"test, %ecx,%ecx",1,0,0,27.26805,27.860696517412936,8.955223880597014,63.18407960199005,91.04477611940298
42bedd,r9,133709238,283,masked,<HPL_lmul>,shr,"shr, $0x10,%esi",1,0,0,27.348142,28.35820895522388,8.955223880597014,62.6865671641791,91.04477611940298
42be20,rdi,135135574,291,masked,<HPL_ladd>,add,"add, %esi,%eax",1,0,0,27.642858,27.860696517412936,8.955223880597014,63.18407960199005,91.04477611940298
42bea1,r8,136092855,131,sdc,<HPL_lmul>,add,"add, %ebx,%esi",0,0,1,27.840655,27.860696517412936,8.955223880597014,63.18407960199005,91.04477611940298
42be9d,xmm15,136280628,208,sdc,<HPL_lmul>,imul,"imul, %r9d,%ebx",0,0,1,27.879454,27.860696517412936,8.955223880597014,63.18407960199005,91.04477611940298
420a90,rbx,136854858,421,sdc,<HPL_rand>,movsd,"movsd, 0x7d1a48(%rip),%xmm3",0,0,1,27.998104,27.860696517412936,8.955223880597014,63.18407960199005,91.04477611940298
42bebe,r10,137613757,204,masked,<HPL_lmul>,mov,"mov, %esi,%ebx",1,0,0,28.154911,27.860696517412936,8.955223880597014,63.18407960199005,91.04477611940298
42bdf8,rflags,139071935,310,sdc,<HPL_ladd>,shr,"shr, $0x10,%r9d",0,0,1,28.456206,28.35820895522388,8.955223880597014,62.6865671641791,91.04477611940298
42be2e,rdi,139861011,70,masked,<HPL_ladd>,shr,"shr, $0x10,%esi",1,0,0,28.619249,28.855721393034827,8.457711442786069,62.6865671641791,91.54228855721394
42bf0c,rcx,140177642,170,sdc,<HPL_lmul>,mov,"mov, -0x1c(%rsp),%r9d",0,0,1,28.684672,28.855721393034827,8.457711442786069,62.6865671641791,91.54228855721394
420b66,rbx,140670691,304,masked,<HPL_setran>,mov,"mov, 0xa33dcf(%rip),%r10d",1,0,0,28.786548,28.35820895522388,8.457711442786069,63.18407960199005,91.54228855721394
42be16,rflags,141469994,288,sdc,<HPL_ladd>,movzwl,"movzwl, %si,%r8d",0,0,1,28.951704,28.35820895522388,8.457711442786069,63.18407960199005,91.54228855721394
42befc,rsi,141868896,195,crash,<HPL_lmul>,add,"add, $0x4,%rax",0,1,0,29.034127,28.35820895522388,8.457711442786069,63.18407960199005,91.54228855721394
42be9d,rsi,145401423,303,sdc,<HPL_lmul>,imul,"imul, %r9d,%ebx",0,0,1,29.764033,28.35820895522388,8.457711442786069,63.18407960199005,91.54228855721394
420a9b,rbx,147283896,96,masked,<HPL_rand>,shr,"shr, $0x10,%edx",1,0,0,30.152998,27.860696517412936,8.955223880597014,63.18407960199005,91.04477611940298
42bebc,rax,147834651,487,sdc,<HPL_lmul>,add,"add, %ebx,%esi",0,0,1,30.266798,28.35820895522388,8.955223880597014,62.6865671641791,91.04477611940298
420ab0,rbx,148536421,410,sdc,<HPL_rand>,cvtsi2sd,"cvtsi2sd, %eax,%xmm5",0,0,1,30.411801,27.860696517412936,8.955223880597014,63.18407960199005,91.04477611940298
42be91,rax,148898957,18,sdc,<HPL_lmul>,movzwl,"movzwl, %bx,%esi",0,0,1,30.48671,28.35820895522388,8.955223880597014,62.6865671641791,91.04477611940298
42bed4,rflags,149237066,280,sdc,<HPL_lmul>,imul,"imul, %r10d,%ebx",0,0,1,30.556571,27.860696517412936,8.955223880597014,63.18407960199005,91.04477611940298
420aa5,rsi,149242760,474,sdc,<HPL_rand>,shr,"shr, $0x10,%eax",0,0,1,30.557748,27.860696517412936,8.955223880597014,63.18407960199005,91.04477611940298
42be98,rsi,149952714,323,masked,<HPL_lmul>,shr,"shr, $0x10,%edi",1,0,0,30.704442,28.35820895522388,8.457711442786069,63.18407960199005,91.54228855721394
420aa5,rax,150120360,47,sdc,<HPL_rand>,shr,"shr, $0x10,%eax",0,0,1,30.739081,28.35820895522388,8.955223880597014,62.6865671641791,91.04477611940298
42be63,rdi,150664815,64,sdc,<HPL_lmul>,movzwl,"movzwl, %bx,%esi",0,0,1,30.851579,27.860696517412936,8.955223880597014,63.18407960199005,91.04477611940298
42bed1,rbx,151689649,233,sdc,<HPL_lmul>,movzwl,"movzwl, %si,%esi",0,0,1,31.063335,27.36318407960199,8.955223880597014,63.681592039801,91.04477611940298
42bf0c,rdi,154565565,455,masked,<HPL_lmul>,mov,"mov, -0x1c(%rsp),%r9d",1,0,0,31.65757,27.36318407960199,8.955223880597014,63.681592039801,91.04477611940298
42be8f,xmm5,156069628,365,masked,<HPL_lmul>,mov,"mov, %ebx,%edi",1,0,0,31.968346,27.36318407960199,8.955223880597014,63.681592039801,91.04477611940298
42beb5,rdi,156226344,128,sdc,<HPL_lmul>,movzwl,"movzwl, %si,%esi",0,0,1,32.000727,26.865671641791046,8.955223880597014,64.17910447761194,91.04477611940298
42be94,r9,157494224,398,masked,<HPL_lmul>,mov,"mov, -0x30(%rsp,%rcx,4),%ebx",1,0,0,32.262702,26.3681592039801,8.955223880597014,64.67661691542288,91.04477611940298
42bdf4,rcx,158408953,174,sdc,<HPL_ladd>,movzwl,"movzwl, %ax,%r10d",0,0,1,32.451708,25.870646766169155,8.955223880597014,65.17412935323384,91.04477611940298
42be40,rflags,159377475,433,crash,<HPL_lmul>,push,"push, %rbx",0,1,0,32.651828,25.870646766169155,8.955223880597014,65.17412935323384,91.04477611940298
42bec8,rsi,159514429,191,sdc,<HPL_lmul>,cmp,"cmp, $0x1,%ecx",0,0,1,32.680126,25.870646766169155,8.955223880597014,65.17412935323384,91.04477611940298
42bed4,rdi,159575231,65,sdc,<HPL_lmul>,imul,"imul, %r10d,%ebx",0,0,1,32.692689,25.870646766169155,8.955223880597014,65.17412935323384,91.04477611940298
420af0,r8,159710452,135,sdc,<HPL_setran>,cmp,"cmp, $0x3,%edi",0,0,1,32.720629,26.3681592039801,8.955223880597014,64.67661691542288,91.04477611940298
42be6d,rdi,161752047,413,sdc,<HPL_lmul>,movzwl,"movzwl, %r11w,%r9d",0,0,1,33.142473,25.870646766169155,8.955223880597014,65.17412935323384,91.04477611940298
42be71,xmm1,162431020,428,masked,<HPL_lmul>,imul,"imul, %eax,%r8d",1,0,0,33.282765,25.870646766169155,8.955223880597014,65.17412935323384,91.04477611940298
42be1d,r8,162476203,499,sdc,<HPL_ladd>,add,"add, %r10d,%r8d",0,0,1,33.292101,25.870646766169155,8.955223880597014,65.17412935323384,91.04477611940298
42be91,rflags,163221097,97,sdc,<HPL_lmul>,movzwl,"movzwl, %bx,%esi",0,0,1,33.446015,25.37313432835821,8.955223880597014,65.67164179104478,91.04477611940298
420acc,r11,165369192,301,masked,<HPL_rand>,mulsd,"mulsd, %xmm3,%xmm1",1,0,0,33.889864,25.37313432835821,8.955223880597014,65.67164179104478,91.04477611940298
42bed8,rdi,165539754,87,sdc,<HPL_lmul>,add,"add, %ebx,%esi",0,0,1,33.925106,25.870646766169155,8.955223880597014,65.17412935323384,91.04477611940298
42bef8,rdx,166897655,88,crash,<HPL_lmul>,add,"add, $0x1,%rcx",0,1,0,34.205681,25.870646766169155,8.955223880597014,65.17412935323384,91.04477611940298
42bea1,rsi,167850593,496,sdc,<HPL_lmul>,add,"add, %ebx,%esi",0,0,1,34.402582,25.870646766169155,8.955223880597014,65.17412935323384,91.04477611940298
42bebc,r11,169080425,439,sdc,<HPL_lmul>,add,"add, %ebx,%esi",0,0,1,34.656695,25.870646766169155,9.45273631840796,64.67661691542288,90.54726368159204
42be41,rflags,170031542,236,sdc,<HPL_lmul>,mov,"mov, (%rsi),%ecx",0,0,1,34.853219,26.3681592039801,9.45273631840796,64.17910447761194,90.54726368159204
420ad4,rbp,171482279,316,masked,<HPL_rand>,addsd,"addsd, %xmm2,%xmm1",1,0,0,35.152977,26.3681592039801,9.45273631840796,64.17910447761194,90.54726368159204
42be40,rax,173611826,327,crash,<HPL_lmul>,push,"push, %rbx",0,1,0,35.592994,26.3681592039801,9.45273631840796,64.17910447761194,90.54726368159204
42be8c,rdi,173880584,245,sdc,<HPL_lmul>,mov,"mov, -0x4(%rax),%ebx",0,0,1,35.648526,26.3681592039801,9.45273631840796,64.17910447761194,90.54726368159204
42be8c,r10,174324238,403,sdc,<HPL_lmul>,mov,"mov, -0x4(%rax),%ebx",0,0,1,35.740195,26.3681592039801,9.45273631840796,64.17910447761194,90.54726368159204
42beb8,rbx,175261041,238,sdc,<HPL_lmul>,imul,"imul, %r11d,%ebx",0,0,1,35.933762,26.3681592039801,8.955223880597014,64.67661691542288,91.04477611940298
42be98,r10,176335704,72,sdc,<HPL_lmul>,shr,"shr, $0x10,%edi",0,0,1,36.155814,25.870646766169155,8.955223880597014,65.17412935323384,91.04477611940298
420a9b,None,178436046,384,sdc,<HPL_rand>,shr,"shr, $0x10,%edx",0,0,1,36.589796,25.37313432835821,8.955223880597014,65.67164179104478,91.04477611940298
420ab4,rsi,178588853,250,masked,<HPL_rand>,mulsd,"mulsd, %xmm4,%xmm0",1,0,0,36.621369,25.37313432835821,8.955223880597014,65.67164179104478,91.04477611940298
420a81,rdi,181279302,411,masked,<HPL_rand>,mov,"mov, (%rsp),%edx",1,0,0,37.177282,25.37313432835821,8.955223880597014,65.67164179104478,91.04477611940298
42beb5,rcx,181495135,20,sdc,<HPL_lmul>,movzwl,"movzwl, %si,%esi",0,0,1,37.221878,25.870646766169155,8.457711442786069,65.67164179104478,91.54228855721394
42bee2,rsp,182233732,388,sdc,<HPL_lmul>,cmp,"cmp, $0x3,%ecx",0,0,1,37.374491,25.870646766169155,8.457711442786069,65.67164179104478,91.54228855721394
42bddf,rflags,184807135,406,sdc,<HPL_ladd>,movzwl,"movzwl, %r10w,%edi",0,0,1,37.906219,25.37313432835821,8.955223880597014,65.67164179104478,91.04477611940298
42be63,rbx,184872248,466,sdc,<HPL_lmul>,movzwl,"movzwl, %bx,%esi",0,0,1,37.919673,25.37313432835821,8.955223880597014,65.67164179104478,91.04477611940298
42beb5,r8,187688576,249,sdc,<HPL_lmul>,movzwl,"movzwl, %si,%esi",0,0,1,38.501595,24.875621890547265,8.955223880597014,66.16915422885572,91.04477611940298
42be91,rcx,189303024,251,sdc,<HPL_lmul>,movzwl,"movzwl, %bx,%esi",0,0,1,38.83518,24.875621890547265,8.955223880597014,66.16915422885572,91.04477611940298
42be55,rsi,189788535,377,sdc,<HPL_lmul>,movzwl,"movzwl, %cx,%eax",0,0,1,38.935498,24.875621890547265,8.955223880597014,66.16915422885572,91.04477611940298
42be36,rbx,192869201,34,sdc,<HPL_ladd>,or,"or, %edi,%eax",0,0,1,39.572039,24.875621890547265,8.955223880597014,66.16915422885572,91.04477611940298
42bdd0,rflags,193557465,179,sdc,<HPL_setran>,callq,"callq, 42bdd0, <HPL_ladd>",0,0,1,39.714251,24.875621890547265,8.955223880597014,66.16915422885572,91.04477611940298
42be8c,xmm1,194142585,261,sdc,<HPL_lmul>,mov,"mov, -0x4(%rax),%ebx",0,0,1,39.835151,24.875621890547265,8.955223880597014,66.16915422885572,91.04477611940298
420a81,r11,194758175,154,masked,<HPL_rand>,mov,"mov, (%rsp),%edx",1,0,0,39.962347,25.37313432835821,8.457711442786069,66.16915422885572,91.54228855721394
42bebc,rdi,194874217,462,masked,<HPL_lmul>,add,"add, %ebx,%esi",1,0,0,39.986324,25.37313432835821,8.457711442786069,66.16915422885572,91.54228855721394
42beb5,xmm13,196615959,182,sdc,<HPL_lmul>,movzwl,"movzwl, %si,%esi",0,0,1,40.346211,25.37313432835821,8.457711442786069,66.16915422885572,91.54228855721394
63e140,xmm0,222803495,98,masked,<mkl_blas_avx512_dgemm_kernel_nocopy_NT_b1>,cmp,"cmp, $0x18,%rax",1,0,0,45.757197,25.870646766169155,8.457711442786069,65.67164179104478,91.54228855721394
463196,r9,222862788,408,sdc,<mkl_blas_avx512_xdscal>,add,"add, $0x20,%rbx",0,0,1,45.769449,25.870646766169155,8.955223880597014,65.17412935323384,91.04477611940298
4175e4,rcx,223771352,151,crash,<HPL_dlaswp00N>,add,"add, $0x8,%rdi",0,1,0,45.95718,26.3681592039801,8.955223880597014,64.67661691542288,91.04477611940298
4174b4,rsi,223942173,164,sdc,<HPL_dlaswp00N>,add,"add, %rsi,%r15",0,0,1,45.992476,26.3681592039801,8.955223880597014,64.67661691542288,91.04477611940298
464b90,rsi,240954064,110,crash,<mkl_blas_avx512_damax>,add,"add, $0x20,%rdx",0,1,0,49.507549,26.865671641791046,8.955223880597014,64.17910447761194,91.04477611940298
a9ef43,rsp,242525402,331,crash,<mkl_blas_avx512_dtrsm_kernel_ll_0>,lea,"lea, 0x100(%rbp),%rbp",0,1,0,49.832226,26.3681592039801,8.955223880597014,64.67661691542288,91.04477611940298
afc2ca,rbx,247583551,1,crash,<mkl_blas_avx512_dgemm_kernel_0>,lea,"lea, 0x300(%rbx),%rbx",0,1,0,50.877364,26.3681592039801,8.955223880597014,64.67661691542288,91.04477611940298
474f4e,r15,254140134,93,sdc,<mkl_blas_avx512_xdgemv>,add,"add, $0x2,%r8",0,0,1,52.232115,26.865671641791046,8.955223880597014,64.17910447761194,91.04477611940298
41aa03,r11,254603291,163,sdc,<HPL_dlocswpT>,add,"add, %rax,%r12",0,0,1,52.327814,26.3681592039801,8.955223880597014,64.67661691542288,91.04477611940298
afc2d1,xmm0,260870214,356,crash,<mkl_blas_avx512_dgemm_kernel_0>,lea,"lea, 0x100(%rbp),%rbp",0,1,0,53.622714,26.865671641791046,8.955223880597014,64.17910447761194,91.04477611940298
647075,rax,262412148,121,crash,<mkl_blas_avx512_dgemm_kernel_nocopy_NT_b1>,add,"add, %r9,%rsi",0,1,0,53.941315,26.865671641791046,8.955223880597014,64.17910447761194,91.04477611940298
505dca,rbx,262709629,142,masked,<mkl_serv_lsame>,movsbl,"movsbl, (%rdi),%edi",1,0,0,54.002782,26.865671641791046,8.955223880597014,64.17910447761194,91.04477611940298
474f3f,rsi,271823311,108,masked,<mkl_blas_avx512_xdgemv>,vmovupd,"vmovupd, 0x460(%rsp,%r8,8),%xmm",1,0,0,55.885892,26.865671641791046,8.955223880597014,64.17910447761194,91.04477611940298
64623b,r8,271987506,260,masked,<mkl_blas_avx512_dgemm_kernel_nocopy_NT_b1>,lea,"lea, -0x3e8(,%rbx,4),%rbp",1,0,0,55.919819,26.865671641791046,8.457711442786069,64.67661691542288,91.54228855721394
65b72c,rdi,272367677,374,sdc,<mkl_blas_avx512_dgemm_kernel_nocopy_NT_b1>,cmpq,"cmpq, $0x10,(%rsp)",0,0,1,55.998371,26.865671641791046,8.457711442786069,64.67661691542288,91.54228855721394
414a90,rbx,272490327,10,masked,<HPL_dlatcpy>,movsd,"movsd, (%r9,%rax,2),%xmm12",1,0,0,56.023714,26.865671641791046,8.955223880597014,64.17910447761194,91.04477611940298
4174cb,rdi,272819734,101,crash,<HPL_dlaswp00N>,add,"add, %rsi,%r15",0,1,0,56.091777,26.865671641791046,8.955223880597014,64.17910447761194,91.04477611940298
42be7e,rcx,274530483,494,sdc,<HPL_lmul>,shr,"shr, $0x10,%r11d",0,0,1,56.44526,26.865671641791046,8.955223880597014,64.17910447761194,91.04477611940298
42be2a,rsi,276464658,230,masked,<HPL_ladd>,movzwl,"movzwl, %r8w,%edi",1,0,0,56.844908,26.865671641791046,8.955223880597014,64.17910447761194,91.04477611940298
42bf24,rbx,277280284,409,sdc,<HPL_lmul>,or,"or, %r9d,%r11d",0,0,1,57.013436,26.865671641791046,8.955223880597014,64.17910447761194,91.04477611940298
42be94,rax,280694276,335,masked,<HPL_lmul>,mov,"mov, -0x30(%rsp,%rcx,4),%ebx",1,0,0,57.718851,27.36318407960199,8.955223880597014,63.681592039801,91.04477611940298
42bed8,r9,280813176,340,sdc,<HPL_lmul>,add,"add, %ebx,%esi",0,0,1,57.743418,27.36318407960199,8.955223880597014,63.681592039801,91.04477611940298
42bf00,rflags,281184576,130,sdc,<HPL_lmul>,cmp,"cmp, $0x4,%rcx",0,0,1,57.820159,27.36318407960199,8.955223880597014,63.681592039801,91.04477611940298
42bf27,rbx,281717582,420,sdc,<HPL_lmul>,or,"or, %r10d,%r8d",0,0,1,57.930291,27.860696517412936,8.955223880597014,63.18407960199005,91.04477611940298
42bebc,rax,282122523,422,sdc,<HPL_lmul>,add,"add, %ebx,%esi",0,0,1,58.013961,27.860696517412936,8.955223880597014,63.18407960199005,91.04477611940298
42bdd8,rbx,284807621,298,sdc,<HPL_ladd>,mov,"mov, 0x4(%rdi),%esi",0,0,1,58.568768,27.36318407960199,8.955223880597014,63.681592039801,91.04477611940298
42bdff,rsi,286633504,345,sdc,<HPL_ladd>,add,"add, %r9d,%r11d",0,0,1,58.946041,27.36318407960199,8.955223880597014,63.681592039801,91.04477611940298
42bebc,rsi,288401609,119,sdc,<HPL_lmul>,add,"add, %ebx,%esi",0,0,1,59.311374,27.36318407960199,8.955223880597014,63.681592039801,91.04477611940298
42bea3,xmm1,288728351,311,sdc,<HPL_lmul>,mov,"mov, %esi,%edi",0,0,1,59.378887,27.36318407960199,8.457711442786069,64.17910447761194,91.54228855721394
42beb1,xmm1,292729036,55,sdc,<HPL_lmul>,mov,"mov, -0x34(%rsp,%rcx,4),%ebx",0,0,1,60.205527,27.36318407960199,8.457711442786069,64.17910447761194,91.54228855721394
42bedd,rbx,296092263,363,masked,<HPL_lmul>,shr,"shr, $0x10,%esi",1,0,0,60.900452,27.36318407960199,8.457711442786069,64.17910447761194,91.54228855721394
42be8c,rbx,296655277,469,sdc,<HPL_lmul>,mov,"mov, -0x4(%rax),%ebx",0,0,1,61.016784,27.36318407960199,8.457711442786069,64.17910447761194,91.54228855721394
42bde9,r15,296806434,150,sdc,<HPL_ladd>,shr,"shr, $0x10,%r10d",0,0,1,61.048017,26.865671641791046,8.457711442786069,64.67661691542288,91.54228855721394
42bdd2,rcx,297383856,68,sdc,<HPL_ladd>,mov,"mov, (%rdi),%r10d",0,0,1,61.167327,26.3681592039801,8.457711442786069,65.17412935323384,91.54228855721394
42bebc,rflags,299182896,118,sdc,<HPL_lmul>,add,"add, %ebx,%esi",0,0,1,61.539052,26.3681592039801,8.457711442786069,65.17412935323384,91.54228855721394
42beb5,rdi,300105890,73,sdc,<HPL_lmul>,movzwl,"movzwl, %si,%esi",0,0,1,61.729766,26.865671641791046,8.457711442786069,64.67661691542288,91.54228855721394
42bec8,rdi,301336064,502,masked,<HPL_lmul>,cmp,"cmp, $0x1,%ecx",1,0,0,61.98395,26.3681592039801,8.457711442786069,65.17412935323384,91.54228855721394
42bdf8,r11,302138613,416,sdc,<HPL_ladd>,shr,"shr, $0x10,%r9d",0,0,1,62.149776,25.870646766169155,8.457711442786069,65.67164179104478,91.54228855721394
42be1d,r8,302516459,0,sdc,<HPL_ladd>,add,"add, %r10d,%r8d",0,0,1,62.227848,25.37313432835821,8.955223880597014,65.67164179104478,91.04477611940298
42be47,r10,302996849,273,masked,<HPL_lmul>,mov,"mov, 0x4(%rsi),%ebx",1,0,0,62.327108,25.37313432835821,8.955223880597014,65.67164179104478,91.04477611940298
42bed8,rsi,303353208,394,sdc,<HPL_lmul>,add,"add, %ebx,%esi",0,0,1,62.400741,25.37313432835821,8.955223880597014,65.67164179104478,91.04477611940298
42bf00,rflags,303817055,2,sdc,<HPL_lmul>,cmp,"cmp, $0x4,%rcx",0,0,1,62.496583,25.37313432835821,9.45273631840796,65.17412935323384,90.54726368159204
42bebe,rbx,303822672,109,masked,<HPL_lmul>,mov,"mov, %esi,%ebx",1,0,0,62.497744,24.875621890547265,9.45273631840796,65.67164179104478,90.54726368159204
42be9d,None,304759891,49,masked,<HPL_lmul>,imul,"imul, %r9d,%ebx",1,0,0,62.691396,24.875621890547265,9.45273631840796,65.67164179104478,90.54726368159204
42bea3,xmm1,305117317,81,sdc,<HPL_lmul>,mov,"mov, %esi,%edi",0,0,1,62.765249,24.875621890547265,9.45273631840796,65.67164179104478,90.54726368159204
42be91,rflags,307167016,400,sdc,<HPL_lmul>,movzwl,"movzwl, %bx,%esi",0,0,1,63.188767,24.875621890547265,9.45273631840796,65.67164179104478,90.54726368159204
420a8c,rsi,309582288,255,sdc,<HPL_rand>,mov,"mov, 0x4(%rsp),%eax",0,0,1,63.687821,24.378109452736318,9.45273631840796,66.16915422885572,90.54726368159204
42be4a,rbx,311242184,337,sdc,<HPL_lmul>,mov,"mov, (%rdi),%r11d",0,0,1,64.030797,24.378109452736318,9.45273631840796,66.16915422885572,90.54726368159204
42befc,rsi,311395618,21,sdc,<HPL_lmul>,add,"add, $0x4,%rax",0,0,1,64.0625,24.378109452736318,9.45273631840796,66.16915422885572,90.54726368159204
420ac8,rcx,312675051,306,crash,<HPL_rand>,add,"add, $0x18,%rsp",0,1,0,64.326862,24.378109452736318,9.45273631840796,66.16915422885572,90.54726368159204
420ad0,rflags,312956975,115,masked,<HPL_rand>,mulsd,"mulsd, %xmm0,%xmm1",1,0,0,64.385114,23.880597014925375,9.45273631840796,66.66666666666667,90.54726368159204
42be10,rax,313393797,76,sdc,<HPL_ladd>,shl,"shl, $0x10,%ecx",0,0,1,64.475373,23.880597014925375,9.45273631840796,66.66666666666667,90.54726368159204
42bebe,rsi,315140202,171,masked,<HPL_lmul>,mov,"mov, %esi,%ebx",1,0,0,64.836223,23.880597014925375,9.45273631840796,66.66666666666667,90.54726368159204
420aa2,r11,316077091,138,sdc,<HPL_rand>,movzwl,"movzwl, %ax,%esi",0,0,1,65.029807,23.880597014925375,9.45273631840796,66.66666666666667,90.54726368159204
42bebc,rcx,318691362,146,masked,<HPL_lmul>,add,"add, %ebx,%esi",1,0,0,65.569979,23.880597014925375,9.45273631840796,66.66666666666667,90.54726368159204
42be98,None,320028494,183,masked,<HPL_lmul>,shr,"shr, $0x10,%edi",1,0,0,65.846263,24.378109452736318,9.45273631840796,66.16915422885572,90.54726368159204
42bf00,rsi,321021281,176,crash,<HPL_lmul>,cmp,"cmp, $0x4,%rcx",0,1,0,66.051398,24.378109452736318,9.45273631840796,66.16915422885572,90.54726368159204
42bf0c,r11,321603372,315,sdc,<HPL_lmul>,mov,"mov, -0x1c(%rsp),%r9d",0,0,1,66.171672,24.378109452736318,9.45273631840796,66.16915422885572,90.54726368159204
420a74,xmm0,321630624,46,sdc,<HPL_rand>,mov,"mov, $0x3,%edi",0,0,1,66.177303,24.378109452736318,9.45273631840796,66.16915422885572,90.54726368159204
420aac,rbx,321693714,467,sdc,<HPL_rand>,cvtsi2sd,"cvtsi2sd, %esi,%xmm2",0,0,1,66.190339,24.378109452736318,9.45273631840796,66.16915422885572,90.54726368159204
42bf00,r15,322962032,127,sdc,<HPL_lmul>,cmp,"cmp, $0x4,%rcx",0,0,1,66.452404,23.880597014925375,9.45273631840796,66.66666666666667,90.54726368159204
42bdd0,rcx,324322380,344,sdc,<HPL_setran>,callq,"callq, 42bdd0, <HPL_ladd>",0,0,1,66.733486,23.880597014925375,9.45273631840796,66.66666666666667,90.54726368159204
42bddf,rdi,324666627,213,sdc,<HPL_ladd>,movzwl,"movzwl, %r10w,%edi",0,0,1,66.804615,23.880597014925375,9.45273631840796,66.66666666666667,90.54726368159204
42be20,r9,324894588,368,sdc,<HPL_ladd>,add,"add, %esi,%eax",0,0,1,66.851718,23.383084577114428,9.45273631840796,67.16417910447761,90.54726368159204
42bf00,xmm1,325551741,242,sdc,<HPL_lmul>,cmp,"cmp, $0x4,%rcx",0,0,1,66.987502,23.880597014925375,9.45273631840796,66.66666666666667,90.54726368159204
42bf06,r8,325685363,392,sdc,<HPL_lmul>,movzwl,"movzwl, -0x20(%rsp),%r11d",0,0,1,67.015111,23.880597014925375,8.955223880597014,67.16417910447761,91.04477611940298
42be31,xmm1,327092270,92,masked,<HPL_ladd>,add,"add, %esi,%eax",1,0,0,67.305813,23.880597014925375,8.955223880597014,67.16417910447761,91.04477611940298
42bedd,rdi,327839154,193,masked,<HPL_lmul>,shr,"shr, $0x10,%esi",1,0,0,67.460137,24.378109452736318,8.955223880597014,66.66666666666667,91.04477611940298
42bde9,xmm13,327989850,126,sdc,<HPL_ladd>,shr,"shr, $0x10,%r10d",0,0,1,67.491275,24.378109452736318,8.955223880597014,66.66666666666667,91.04477611940298
420ad4,rdx,328299182,67,sdc,<HPL_rand>,addsd,"addsd, %xmm2,%xmm1",0,0,1,67.55519,24.378109452736318,8.955223880597014,66.66666666666667,91.04477611940298
42bea3,rbx,329895210,343,sdc,<HPL_lmul>,mov,"mov, %esi,%edi",0,0,1,67.884969,24.378109452736318,8.955223880597014,66.66666666666667,91.04477611940298
42be36,rsi,330577228,285,sdc,<HPL_ladd>,or,"or, %edi,%eax",0,0,1,68.02589,24.875621890547265,8.955223880597014,66.16915422885572,91.04477611940298
42bddb,rcx,332144837,460,sdc,<HPL_ladd>,movzwl,"movzwl, %cx,%r8d",0,0,1,68.349797,24.875621890547265,9.45273631840796,65.67164179104478,90.54726368159204
42befc,rbx,332213936,299,masked,<HPL_lmul>,add,"add, $0x4,%rax",1,0,0,68.364074,24.875621890547265,9.45273631840796,65.67164179104478,90.54726368159204
42be6d,xmm1,332687394,161,sdc,<HPL_lmul>,movzwl,"movzwl, %r11w,%r9d",0,0,1,68.461902,24.875621890547265,9.45273631840796,65.67164179104478,90.54726368159204
42bea8,rax,332840013,262,sdc,<HPL_lmul>,shr,"shr, $0x10,%edi",0,0,1,68.493437,25.37313432835821,8.955223880597014,65.67164179104478,91.04477611940298
42bf00,rbx,335103797,336,crash,<HPL_lmul>,cmp,"cmp, $0x4,%rcx",0,1,0,68.96119,25.870646766169155,8.955223880597014,65.17412935323384,91.04477611940298
42be8f,xmm1,337048461,95,masked,<HPL_lmul>,mov,"mov, %ebx,%edi",1,0,0,69.363006,26.3681592039801,8.955223880597014,64.67661691542288,91.04477611940298
42bf0c,rsi,337483013,417,masked,<HPL_lmul>,mov,"mov, -0x1c(%rsp),%r9d",1,0,0,69.452795,26.865671641791046,8.955223880597014,64.17910447761194,91.04477611940298
42bed1,rsi,338721900,387,sdc,<HPL_lmul>,movzwl,"movzwl, %si,%esi",0,0,1,69.708779,26.865671641791046,8.955223880597014,64.17910447761194,91.04477611940298
42bdd2,r10,339630226,114,sdc,<HPL_ladd>,mov,"mov, (%rdi),%r10d",0,0,1,69.896461,27.36318407960199,8.457711442786069,64.17910447761194,91.54228855721394
42be02,rflags,339678587,443,sdc,<HPL_ladd>,shl,"shl, $0x10,%r9d",0,0,1,69.906454,27.36318407960199,8.955223880597014,63.681592039801,91.04477611940298
42be58,r10,342926536,160,sdc,<HPL_lmul>,shr,"shr, $0x10,%ecx",0,0,1,70.57756,27.36318407960199,8.955223880597014,63.681592039801,91.04477611940298
42bf24,rax,343617074,152,sdc,<HPL_lmul>,or,"or, %r9d,%r11d",0,0,1,70.720242,27.36318407960199,9.45273631840796,63.18407960199005,90.54726368159204
42be2a,rsp,350016372,444,sdc,<HPL_ladd>,movzwl,"movzwl, %r8w,%edi",0,0,1,72.042494,27.36318407960199,9.45273631840796,63.18407960199005,90.54726368159204
42be27,None,352023196,25,sdc,<HPL_ladd>,mov,"mov, %r8d,%esi",0,0,1,72.457153,27.860696517412936,9.45273631840796,62.6865671641791,90.54726368159204
42be8c,rcx,352913470,27,sdc,<HPL_lmul>,mov,"mov, -0x4(%rax),%ebx",0,0,1,72.641105,27.860696517412936,9.45273631840796,62.6865671641791,90.54726368159204
42bea8,rax,353885311,234,masked,<HPL_lmul>,shr,"shr, $0x10,%edi",1,0,0,72.841911,27.860696517412936,9.45273631840796,62.6865671641791,90.54726368159204
42be27,rsp,355558244,295,sdc,<HPL_ladd>,mov,"mov, %r8d,%esi",0,0,1,73.18758,27.860696517412936,9.45273631840796,62.6865671641791,90.54726368159204
42be8a,xmm1,356419203,401,crash,<HPL_lmul>,xor,"xor, %ecx,%ecx",0,1,0,73.365475,27.860696517412936,9.45273631840796,62.6865671641791,90.54726368159204
42bed8,rbp,356641213,297,sdc,<HPL_lmul>,add,"add, %ebx,%esi",0,0,1,73.411348,27.860696517412936,9.45273631840796,62.6865671641791,90.54726368159204
42bf00,rcx,357647091,5,sdc,<HPL_lmul>,cmp,"cmp, $0x4,%rcx",0,0,1,73.619187,27.860696517412936,9.950248756218905,62.18905472636816,90.04975124378109
420aa5,rbx,358225026,232,sdc,<HPL_rand>,shr,"shr, $0x10,%eax",0,0,1,73.738603,27.860696517412936,9.950248756218905,62.18905472636816,90.04975124378109
42be16,rbx,359284530,370,sdc,<HPL_ladd>,movzwl,"movzwl, %si,%r8d",0,0,1,73.957522,27.860696517412936,9.950248756218905,62.18905472636816,90.04975124378109
42bead,rsi,359676041,63,sdc,<HPL_lmul>,test,"test, %ecx,%ecx",0,0,1,74.038418,27.860696517412936,9.950248756218905,62.18905472636816,90.04975124378109
42bf06,rflags,360388868,90,masked,<HPL_lmul>,movzwl,"movzwl, -0x20(%rsp),%r11d",1,0,0,74.185705,27.860696517412936,9.950248756218905,62.18905472636816,90.04975124378109
420a84,r9,362020427,147,masked,<HPL_rand>,movsd,"movsd, 0x7d1a4c(%rip),%xmm4",1,0,0,74.522825,27.860696517412936,10.447761194029852,61.691542288557216,89.55223880597015
42bea3,rbx,363607409,380,masked,<HPL_lmul>,mov,"mov, %esi,%edi",1,0,0,74.850735,27.860696517412936,10.447761194029852,61.691542288557216,89.55223880597015
42be2e,rcx,363830370,215,sdc,<HPL_ladd>,shr,"shr, $0x10,%esi",0,0,1,74.896804,27.36318407960199,10.447761194029852,62.18905472636816,89.55223880597015
42be02,rcx,364094609,454,sdc,<HPL_ladd>,shl,"shl, $0x10,%r9d",0,0,1,74.951402,27.36318407960199,10.447761194029852,62.18905472636816,89.55223880597015
42beb8,rsi,364293962,167,masked,<HPL_lmul>,imul,"imul, %r11d,%ebx",1,0,0,74.992593,27.36318407960199,10.447761194029852,62.18905472636816,89.55223880597015
420a70,rbx,364413265,359,crash,<HPL_rand>,sub,"sub, $0x18,%rsp",0,1,0,75.017244,26.865671641791046,10.945273631840797,62.18905472636816,89.05472636815921
420ac0,rbx,366408820,117,masked,<HPL_rand>,movsd,"movsd, 0x7d1a20(%rip),%xmm0",1,0,0,75.429575,27.36318407960199,10.945273631840797,61.691542288557216,89.05472636815921
42bde6,xmm5,366945432,472,sdc,<HPL_ladd>,add,"add, %edi,%r8d",0,0,1,75.540452,27.36318407960199,10.447761194029852,62.18905472636816,89.55223880597015
42bee7,rbx,367129466,58,masked,<HPL_lmul>,movzwl,"movzwl, -0x14(%rsp),%edi",1,0,0,75.578478,27.36318407960199,10.447761194029852,62.18905472636816,89.55223880597015
42bdff,rbx,369882665,465,sdc,<HPL_ladd>,add,"add, %r9d,%r11d",0,0,1,76.147356,27.860696517412936,9.950248756218905,62.18905472636816,90.04975124378109
42befc,r8,370109552,54,sdc,<HPL_lmul>,add,"add, $0x4,%rax",0,0,1,76.194237,28.35820895522388,9.45273631840796,62.18905472636816,90.54726368159204
42bdfc,r9,370788217,471,masked,<HPL_ladd>,shr,"shr, $0x10,%eax",1,0,0,76.334466,28.855721393034827,8.955223880597014,62.18905472636816,91.04477611940298
42bed8,rdi,371325201,240,sdc,<HPL_lmul>,add,"add, %ebx,%esi",0,0,1,76.44542,29.35323383084577,8.955223880597014,61.691542288557216,91.04477611940298
42bebc,rdi,373516682,86,masked,<HPL_lmul>,add,"add, %ebx,%esi",1,0,0,76.898233,29.850746268656717,8.955223880597014,61.19402985074627,91.04477611940298
42be71,r9,374139459,216,sdc,<HPL_lmul>,imul,"imul, %eax,%r8d",0,0,1,77.026914,30.34825870646766,8.457711442786069,61.19402985074627,91.54228855721394
42be91,rax,375154566,172,sdc,<HPL_lmul>,movzwl,"movzwl, %bx,%esi",0,0,1,77.23666,30.845771144278608,7.960199004975125,61.19402985074627,92.03980099502488
42be06,rsi,375340266,386,masked,<HPL_ladd>,mov,"mov, %r11d,%ecx",1,0,0,77.27503,30.5,8.0,61.5,92.0
42bee2,rdi,375921319,32,sdc,<HPL_lmul>,cmp,"cmp, $0x3,%ecx",0,0,1,77.39509,30.150753768844222,8.040201005025125,61.80904522613066,91.95979899497488
42be27,rbx,376029542,222,sdc,<HPL_ladd>,mov,"mov, %r8d,%esi",0,0,1,77.417452,29.7979797979798,8.080808080808081,62.121212121212125,91.91919191919192
412c01,rflags,376156555,332,crash,<HPL_pdmatgen>,add,"add, $0x8,%rbx",0,1,0,77.443696,29.949238578680202,8.121827411167512,61.92893401015228,91.87817258883248
42be98,rdi,376785722,393,masked,<HPL_lmul>,shr,"shr, $0x10,%edi",1,0,0,77.573697,29.591836734693878,8.16326530612245,62.244897959183675,91.83673469387755
42be8c,rax,377288365,77,sdc,<HPL_lmul>,mov,"mov, -0x4(%rax),%ebx",0,0,1,77.677555,29.743589743589745,7.6923076923076925,62.56410256410256,92.3076923076923
42beb1,rax,378157265,40,sdc,<HPL_lmul>,mov,"mov, -0x34(%rsp,%rcx,4),%ebx",0,0,1,77.857091,29.896907216494846,7.731958762886598,62.371134020618555,92.26804123711341
42beb1,rdi,379996531,347,sdc,<HPL_lmul>,mov,"mov, -0x34(%rsp,%rcx,4),%ebx",0,0,1,78.237129,29.533678756476682,7.772020725388601,62.69430051813472,92.2279792746114
420acc,rax,380252515,265,masked,<HPL_rand>,mulsd,"mulsd, %xmm3,%xmm1",1,0,0,78.290021,29.6875,7.8125,62.5,92.1875
42beb8,rdi,380272770,254,sdc,<HPL_lmul>,imul,"imul, %r11d,%ebx",0,0,1,78.294206,29.319371727748692,7.853403141361256,62.82722513089005,92.14659685863874
42becd,rbx,380390679,248,masked,<HPL_lmul>,mov,"mov, -0x38(%rsp,%rcx,4),%ebx",1,0,0,78.318569,29.473684210526315,7.894736842105263,62.63157894736842,92.10526315789474
420ad0,None,380719081,479,masked,<HPL_rand>,mulsd,"mulsd, %xmm0,%xmm1",1,0,0,78.386425,29.62962962962963,7.936507936507937,62.43386243386244,92.06349206349206
42be33,rax,381993707,84,sdc,<HPL_ladd>,shl,"shl, $0x10,%eax",0,0,1,78.649794,29.78723404255319,7.9787234042553195,62.234042553191486,92.02127659574468
42be27,None,383444070,436,sdc,<HPL_ladd>,mov,"mov, %r8d,%esi",0,0,1,78.949475,29.946524064171122,8.02139037433155,62.032085561497325,91.97860962566845
42be98,rsi,384729655,282,sdc,<HPL_lmul>,shr,"shr, $0x10,%edi",0,0,1,79.215108,30.107526881720432,8.064516129032258,61.82795698924731,91.93548387096774
42be7e,rcx,387771534,447,sdc,<HPL_lmul>,shr,"shr, $0x10,%r11d",0,0,1,79.843635,30.27027027027027,8.108108108108109,61.62162162162162,91.89189189189189
42bdd8,None,390224644,45,sdc,<HPL_ladd>,mov,"mov, 0x4(%rdi),%esi",0,0,1,80.350507,30.434782608695652,8.152173913043478,61.41304347826087,91.84782608695652
420ad4,r8,390491082,395,sdc,<HPL_rand>,addsd,"addsd, %xmm2,%xmm1",0,0,1,80.40556,30.601092896174862,8.19672131147541,61.202185792349724,91.80327868852459
42bf00,r8,390767992,26,sdc,<HPL_lmul>,cmp,"cmp, $0x4,%rcx",0,0,1,80.462776,30.76923076923077,8.241758241758241,60.989010989010985,91.75824175824175
42bea8,rflags,393331284,141,sdc,<HPL_lmul>,shr,"shr, $0x10,%edi",0,0,1,80.992415,30.386740331491712,8.287292817679559,61.32596685082873,91.71270718232044
42be63,rsi,394980634,202,sdc,<HPL_lmul>,movzwl,"movzwl, %bx,%esi",0,0,1,81.333211,30.555555555555557,8.333333333333334,61.111111111111114,91.66666666666667
42be71,rbx,395115771,144,sdc,<HPL_lmul>,imul,"imul, %eax,%r8d",0,0,1,81.361134,30.726256983240223,8.379888268156424,60.89385474860335,91.62011173184358
42bead,rcx,395972869,481,sdc,<HPL_lmul>,test,"test, %ecx,%ecx",0,0,1,81.538231,30.89887640449438,8.426966292134832,60.674157303370784,91.57303370786516
420acc,xmm0,396323989,159,masked,<HPL_rand>,mulsd,"mulsd, %xmm3,%xmm1",1,0,0,81.610781,31.073446327683616,8.474576271186441,60.451977401129945,91.52542372881356
42be4a,r9,396857558,231,sdc,<HPL_lmul>,mov,"mov, (%rdi),%r11d",0,0,1,81.72103,31.25,8.522727272727273,60.22727272727273,91.47727272727273
42be9d,rsi,397384736,79,sdc,<HPL_lmul>,imul,"imul, %r9d,%ebx",0,0,1,81.829958,30.857142857142858,8.571428571428571,60.57142857142857,91.42857142857143
42befc,r11,401845927,82,crash,<HPL_lmul>,add,"add, $0x4,%rax",0,1,0,82.751749,31.03448275862069,8.620689655172415,60.3448275862069,91.37931034482759
42be8f,rdi,402143729,148,sdc,<HPL_lmul>,mov,"mov, %ebx,%edi",0,0,1,82.813282,31.213872832369944,8.670520231213873,60.115606936416185,91.32947976878613
42bdf8,rcx,403774005,203,sdc,<HPL_ladd>,shr,"shr, $0x10,%r9d",0,0,1,83.150137,30.813953488372093,8.720930232558139,60.46511627906977,91.27906976744185
42bef8,xmm3,404070459,478,crash,<HPL_lmul>,add,"add, $0x1,%rcx",0,1,0,83.211392,30.994152046783626,8.771929824561404,60.23391812865497,91.2280701754386
420adc,rdi,407100955,290,sdc,<HPL_rand>,mulsd,"mulsd, %xmm3,%xmm1",0,0,1,83.837567,31.176470588235293,8.823529411764707,60.0,91.17647058823529
420b66,rcx,408700450,80,sdc,<HPL_setran>,mov,"mov, 0xa33dcf(%rip),%r10d",0,0,1,84.168061,30.76923076923077,8.875739644970414,60.35502958579882,91.12426035502959
42bea8,rdi,408973134,389,masked,<HPL_lmul>,shr,"shr, $0x10,%edi",1,0,0,84.224405,30.357142857142858,8.928571428571429,60.714285714285715,91.07142857142857
42bf27,rsi,409356050,357,sdc,<HPL_lmul>,or,"or, %r10d,%r8d",0,0,1,84.303524,30.538922155688624,8.982035928143713,60.47904191616767,91.01796407185628
42bea1,rdi,409896746,209,sdc,<HPL_lmul>,add,"add, %ebx,%esi",0,0,1,84.415246,30.72289156626506,9.036144578313253,60.24096385542169,90.96385542168674
420b7b,rdi,410050558,459,sdc,<HPL_setran>,mov,"mov, %rsp,%rdi",0,0,1,84.447027,30.90909090909091,9.090909090909092,60.0,90.9090909090909
412bdd,rdx,410373694,140,crash,<HPL_pdmatgen>,lea,"lea, 0x5(%rbx),%r15",0,1,0,84.513795,31.097560975609756,9.146341463414634,59.75609756097561,90.85365853658537
420b66,rbx,412158604,224,sdc,<HPL_setran>,mov,"mov, 0xa33dcf(%rip),%r10d",0,0,1,84.882601,31.288343558282207,9.202453987730062,59.50920245398773,90.79754601226993
42befc,rdi,414322581,325,sdc,<HPL_lmul>,add,"add, $0x4,%rax",0,0,1,85.329731,31.48148148148148,8.641975308641975,59.876543209876544,91.35802469135803
42bec8,rax,414705649,453,sdc,<HPL_lmul>,cmp,"cmp, $0x1,%ecx",0,0,1,85.408883,31.055900621118013,8.695652173913043,60.24844720496895,91.30434782608695
42bea1,rax,415398957,431,sdc,<HPL_lmul>,add,"add, %ebx,%esi",0,0,1,85.552137,31.25,8.75,60.0,91.25
420a8c,xmm2,415916511,488,sdc,<HPL_rand>,mov,"mov, 0x4(%rsp),%eax",0,0,1,85.659076,30.81761006289308,8.80503144654088,60.37735849056604,91.19496855345912
42be36,rdi,416457043,482,sdc,<HPL_ladd>,or,"or, %edi,%eax",0,0,1,85.770764,31.0126582278481,8.860759493670885,60.12658227848101,91.13924050632912
42be98,rbx,416677536,153,masked,<HPL_lmul>,shr,"shr, $0x10,%edi",1,0,0,85.816323,30.573248407643312,8.9171974522293,60.50955414012739,91.0828025477707
42bec8,rflags,416963305,122,masked,<HPL_lmul>,cmp,"cmp, $0x1,%ecx",1,0,0,85.87537,30.128205128205128,8.974358974358974,60.8974358974359,91.02564102564102
42be9d,rcx,417989272,385,sdc,<HPL_lmul>,imul,"imul, %r9d,%ebx",0,0,1,86.08736,30.322580645161292,8.387096774193548,61.29032258064516,91.61290322580645
42be13,rbx,418979733,6,sdc,<HPL_ladd>,or,"or, %r8d,%ecx",0,0,1,86.292013,30.51948051948052,8.441558441558442,61.03896103896104,91.55844155844156
42bea8,rsi,419363694,434,sdc,<HPL_lmul>,shr,"shr, $0x10,%edi",0,0,1,86.371349,30.718954248366014,8.49673202614379,60.78431372549019,91.50326797385621
42be63,None,421512980,281,sdc,<HPL_lmul>,movzwl,"movzwl, %bx,%esi",0,0,1,86.815444,30.92105263157895,8.552631578947368,60.526315789473685,91.44736842105263
42bf17,rsi,422628725,414,masked,<HPL_lmul>,mov,"mov, -0x14(%rsp),%r10d",1,0,0,87.045984,31.125827814569536,8.609271523178808,60.264900662251655,91.3907284768212
42bee2,rsi,422943245,320,sdc,<HPL_lmul>,cmp,"cmp, $0x3,%ecx",0,0,1,87.110972,31.333333333333332,8.666666666666666,60.0,91.33333333333333
42be06,rsi,423258016,228,sdc,<HPL_ladd>,mov,"mov, %r11d,%ecx",0,0,1,87.176011,31.543624161073826,8.724832214765101,59.73154362416108,91.2751677852349
42befc,rsi,425480322,220,masked,<HPL_lmul>,add,"add, $0x4,%rax",1,0,0,87.635194,31.756756756756758,8.783783783783784,59.45945945945946,91.21621621621621
420b5b,r9,425592431,181,sdc,<HPL_setran>,mov,"mov, $0xe54938,%edi",0,0,1,87.658358,31.972789115646258,8.843537414965986,59.183673469387756,91.15646258503402
42be91,rax,426233988,178,sdc,<HPL_lmul>,movzwl,"movzwl, %bx,%esi",0,0,1,87.79092,32.19178082191781,8.904109589041095,58.9041095890411,91.0958904109589
420ae4,rsi,426299158,391,masked,<HPL_rand>,subsd,"subsd, %xmm1,%xmm0",1,0,0,87.804386,31.724137931034484,8.96551724137931,59.310344827586206,91.03448275862068
42bead,rdi,427838693,473,sdc,<HPL_lmul>,test,"test, %ecx,%ecx",0,0,1,88.122491,31.25,9.027777777777779,59.72222222222222,90.97222222222223
42be9d,r9,427918511,243,sdc,<HPL_lmul>,imul,"imul, %r9d,%ebx",0,0,1,88.138984,31.46853146853147,9.090909090909092,59.44055944055944,90.9090909090909
42be5f,r12,428668303,149,masked,<HPL_lmul>,shr,"shr, $0x10,%r8d",1,0,0,88.293909,31.690140845070424,9.154929577464788,59.15492957746479,90.84507042253522
42bec3,r8,430906070,379,masked,<HPL_lmul>,shr,"shr, $0x10,%ebx",1,0,0,88.756286,31.914893617021278,9.21985815602837,58.86524822695036,90.78014184397163
42befc,rsi,432278902,490,crash,<HPL_lmul>,add,"add, $0x4,%rax",0,1,0,89.039947,32.142857142857146,9.285714285714286,58.57142857142857,90.71428571428571
42bf17,rbx,432658567,308,masked,<HPL_lmul>,mov,"mov, -0x14(%rsp),%r10d",1,0,0,89.118395,32.37410071942446,9.352517985611511,58.273381294964025,90.64748201438849
42beb8,xmm0,433545622,106,sdc,<HPL_lmul>,imul,"imul, %r11d,%ebx",0,0,1,89.301683,31.884057971014492,9.420289855072463,58.69565217391305,90.57971014492753
420ad8,r8,434593613,397,masked,<HPL_rand>,addsd,"addsd, %xmm5,%xmm1",1,0,0,89.518223,32.11678832116788,9.489051094890511,58.394160583941606,90.51094890510949
42bead,rflags,436617560,259,masked,<HPL_lmul>,test,"test, %ecx,%ecx",1,0,0,89.93642,32.35294117647059,9.558823529411764,58.088235294117645,90.44117647058823
42be6a,None,437556110,457,masked,<HPL_lmul>,shr,"shr, $0x10,%ebx",1,0,0,90.130348,32.592592592592595,8.88888888888889,58.51851851851852,91.11111111111111
420ab4,None,438314266,189,masked,<HPL_rand>,mulsd,"mulsd, %xmm4,%xmm0",1,0,0,90.287001,32.08955223880597,8.955223880597014,58.95522388059702,91.04477611940298
42bf06,rcx,439331604,244,masked,<HPL_lmul>,movzwl,"movzwl, -0x20(%rsp),%r11d",1,0,0,90.497208,31.57894736842105,9.022556390977444,59.3984962406015,90.97744360902256
420a9e,rcx,439712784,113,masked,<HPL_rand>,cvtsi2sd,"cvtsi2sd, %edx,%xmm0",1,0,0,90.575969,31.818181818181817,9.090909090909092,59.09090909090909,90.9090909090909
420a70,r8,440369833,329,crash,<HPL_rand>,sub,"sub, $0x18,%rsp",0,1,0,90.711732,32.06106870229008,9.16030534351145,58.778625954198475,90.83969465648855
42be91,r10,441684910,276,sdc,<HPL_lmul>,movzwl,"movzwl, %bx,%esi",0,0,1,90.983459,32.30769230769231,9.23076923076923,58.46153846153846,90.76923076923077
42bf31,rsi,442175837,373,crash,<HPL_lmul>,pop,"pop, %rbx",0,1,0,91.084896,32.55813953488372,9.30232558139535,58.13953488372093,90.69767441860465
42be41,rcx,442866721,31,sdc,<HPL_lmul>,mov,"mov, (%rsi),%ecx",0,0,1,91.22765,32.8125,9.375,57.8125,90.625
420ad0,rsi,443461992,89,masked,<HPL_rand>,mulsd,"mulsd, %xmm0,%xmm1",1,0,0,91.350647,33.07086614173228,9.448818897637794,57.48031496062992,90.55118110236221
412afc,rdi,444621512,350,masked,<HPL_pdmatgen>,cmp,"cmp, $0x1,%r15d",1,0,0,91.590233,33.333333333333336,9.523809523809524,57.142857142857146,90.47619047619048
42bf1c,rdi,447892437,199,masked,<HPL_lmul>,shl,"shl, $0x10,%r9d",1,0,0,92.266086,33.6,9.6,56.8,90.4
42beb8,rbx,448973045,48,sdc,<HPL_lmul>,imul,"imul, %r11d,%ebx",0,0,1,92.489366,33.064516129032256,9.67741935483871,57.25806451612903,90.3225806451613
42bea8,r8,449668134,419,sdc,<HPL_lmul>,shr,"shr, $0x10,%edi",0,0,1,92.632988,33.333333333333336,9.75609756097561,56.91056910569106,90.2439024390244
42bea8,r9,449996280,371,sdc,<HPL_lmul>,shr,"shr, $0x10,%edi",0,0,1,92.700791,33.60655737704918,9.01639344262295,57.377049180327866,90.98360655737704
42befc,rdi,454145244,166,crash,<HPL_lmul>,add,"add, $0x4,%rax",0,1,0,93.558069,33.88429752066116,9.090909090909092,57.02479338842975,90.9090909090909
420a74,None,455411485,94,sdc,<HPL_rand>,mov,"mov, $0x3,%edi",0,0,1,93.819705,34.166666666666664,9.166666666666666,56.666666666666664,90.83333333333333
42bde9,rsi,455956247,448,sdc,<HPL_ladd>,shr,"shr, $0x10,%r10d",0,0,1,93.932267,34.45378151260504,9.243697478991596,56.30252100840336,90.75630252100841
42be5f,r8,456622473,423,sdc,<HPL_lmul>,shr,"shr, $0x10,%r8d",0,0,1,94.069925,34.74576271186441,9.322033898305085,55.932203389830505,90.67796610169492
42beb5,xmm1,459219595,352,sdc,<HPL_lmul>,movzwl,"movzwl, %si,%esi",0,0,1,94.606554,35.042735042735046,9.401709401709402,55.55555555555556,90.5982905982906
42bef8,rbx,459358460,19,crash,<HPL_lmul>,add,"add, $0x1,%rcx",0,1,0,94.635247,34.48275862068966,9.482758620689655,56.03448275862069,90.51724137931035
420ac0,xmm1,461519124,53,sdc,<HPL_rand>,movsd,"movsd, 0x7d1a20(%rip),%xmm0",0,0,1,95.081693,33.91304347826087,9.565217391304348,56.52173913043478,90.43478260869566
420b5b,rbx,462518665,99,sdc,<HPL_setran>,mov,"mov, $0xe54938,%edi",0,0,1,95.288223,33.333333333333336,9.649122807017545,57.01754385964912,90.35087719298245
42bef3,rflags,463497143,162,masked,<HPL_lmul>,shr,"shr, $0x10,%edi",1,0,0,95.4904,33.6283185840708,9.734513274336283,56.63716814159292,90.26548672566372
42bea8,r10,463568137,450,sdc,<HPL_lmul>,shr,"shr, $0x10,%edi",0,0,1,95.505069,33.92857142857143,9.821428571428571,56.25,90.17857142857143
42be75,rdi,466405931,134,crash,<HPL_lmul>,lea,"lea, -0x1c(%rsp),%rax",0,1,0,96.091427,33.333333333333336,9.90990990990991,56.75675675675676,90.09009009009009
42bea8,rbx,466909078,324,masked,<HPL_lmul>,shr,"shr, $0x10,%edi",1,0,0,96.19539,33.63636363636363,9.090909090909092,57.27272727272727,90.9090909090909
42bf24,rsi,469084458,441,sdc,<HPL_lmul>,or,"or, %r9d,%r11d",0,0,1,96.644877,33.027522935779814,9.174311926605505,57.79816513761468,90.8256880733945
42bdd5,rsp,469672767,226,sdc,<HPL_ladd>,mov,"mov, 0x4(%rsi),%eax",0,0,1,96.766436,33.333333333333336,9.25925925925926,57.407407407407405,90.74074074074075
40c028,xmm0,471838069,229,masked,<HPL_pdlange>,xorpd,"xorpd, %xmm8,%xmm15",1,0,0,97.21384,32.71028037383178,9.345794392523365,57.94392523364486,90.65420560747664
40c06b,rax,472035178,205,masked,<HPL_pdlange>,movsd,"movsd, 0x18(%rbx,%rax,8),%xmm2",1,0,0,97.254568,33.0188679245283,9.433962264150944,57.54716981132076,90.56603773584905
40c0a8,rax,472875311,211,masked,<HPL_pdlange>,addsd,"addsd, %xmm13,%xmm10",1,0,0,97.42816,33.333333333333336,9.523809523809524,57.142857142857146,90.47619047619048
40c0b2,xmm1,475733199,322,masked,<HPL_pdlange>,andpd,"andpd, %xmm3,%xmm1",1,0,0,98.018669,32.69230769230769,9.615384615384615,57.69230769230769,90.38461538461539
40c560,rdi,482772891,139,masked,<HPL_pdlange>,addpd,"addpd, %xmm3,%xmm13",1,0,0,99.473242,33.00970873786408,9.70873786407767,57.28155339805825,90.29126213592232
40c500,rax,483429476,480,masked,<HPL_pdlange>,movapd,"movapd, %xmm9,%xmm11",1,0,0,99.608909,32.35294117647059,9.803921568627452,57.84313725490196,90.19607843137256
40c4be,rax,485322240,200,masked,<HPL_pdlange>,addpd,"addpd, %xmm15,%xmm13",1,0,0,100.0,32.67326732673267,9.900990099009901,57.42574257425743,90.0990099009901
